,Sample Mean,Effect Est.,Sum of Squares,df,Mean Square,F0,F Threshold,p-value
A,3778499.59375,-198557.0,2523170225601.0,1.0,2523170225601.0,113.97860391297907,3.87922825535667,1.1102230246251565e-16
BC,4065733.4375,99949.0,639350165039.0,1.0,639350165039.0,28.881221918081398,3.87922825535667,1.7738182001014735e-07
ABC,3775759.0,-75483.0,364649616975.0,1.0,364649616975.0,16.472235538651873,3.87922825535667,6.62054359998887e-05
