,Sample Mean,Effect Est.,Sum of Squares,df,Mean Square,F0,F Threshold,p-value
A,3778499.59375,-198557.0,2523170225601.0,1.0,2523170225601.0,113.97860391297907,3.87922825535667,1.1102230246251565e-16
B,3874636.3125,-1923.0,236505951.0,1.0,236505951.0,0.010683630394247608,3.87922825535667,0.9177594827347049
AB,3736723.125,-15388.0,15153979302.0,1.0,15153979302.0,0.6845473155330724,3.87922825535667,0.40882065815296975
C,3876836.09375,15117.0,14626060313.0,1.0,14626060313.0,0.6606997491917888,3.87922825535667,0.41709262622876353
AC,3768602.59375,-548.0,19208497.0,1.0,19208497.0,0.0008677011360995902,3.87922825535667,0.9765239896111076
BC,4065733.4375,99949.0,639350165039.0,1.0,639350165039.0,28.881221918081398,3.87922825535667,1.7738182001014735e-07
ABC,3775759.0,-75483.0,364649616975.0,1.0,364649616975.0,16.472235538651873,3.87922825535667,6.62054359998887e-05
Error,,,5490032290856.9375,248.0,22137226979.261845,,,
Total,,,9047238052534.938,255.0,35479364911.90172,,,
