,Sample Mean,Effect Est.,Sum of Squares,df,Mean Square,F0,F Threshold,p-value
BC,90275.6,2784.0,310042944.0,1.0,310042944.0,6.64531120114599,3.915138331997967,0.011073976909091843
D,92186.6,4267.0,728359833.0,1.0,728359833.0,15.611314014292558,3.915138331997967,0.0001278385697376372
E,95488.6,6297.0,1586365440.0,1.0,1586365440.0,34.00139313456812,3.915138331997967,4.23593896625718e-08
BDE,102800.8,-2152.0,185132272.0,1.0,185132272.0,3.9680359918631343,3.915138331997967,0.048499946044687436
CDE,103101.6,-3913.0,612392328.0,1.0,612392328.0,13.125722341077594,3.915138331997967,0.00041862909830281403
