,Sample Mean,Effect Est.,Sum of Squares,df,Mean Square,F0,F Threshold,p-value
A,877845.2,-399356.9,3189718671552.2,1.0,3189718671552.2,173.83074370060288,3.9909237717402837,1.1102230246251565e-16
AC,809556.2,79525.55,126486262056.05,1.0,126486262056.05,6.893147410524758,3.9909237717402837,0.010811161210118048
D,1338059.4,66403.425,88188297034.6125,1.0,88188297034.6125,4.806015463350084,3.9909237717402837,0.03200414706542354
CD,1285906.5,75157.575,112973221597.6125,1.0,112973221597.6125,6.156724511070917,3.9909237717402837,0.01572902269792331
