,Sample Mean,Effect Est.,Sum of Squares,df,Mean Square,F0,F Threshold,p-value
A,5708719.34375,-2810762.0,1011248444814781.0,1.0,1011248444814781.0,16831.425235274484,3.860275111548814,1.1102230246251565e-16
B,8149748.90625,-211030.0,5700291501782.0,1.0,5700291501782.0,94.87681362920388,3.860275111548814,1.1102230246251565e-16
AB,4734816.625,-624068.0,49850910679132.0,1.0,49850910679132.0,829.7287183070408,3.860275111548814,1.1102230246251565e-16
AC,5322684.6875,-186318.0,4443442645554.0,1.0,4443442645554.0,73.95756508636288,3.860275111548814,1.1102230246251565e-16
BC,8119277.625,-54924.0,386125221871.0,1.0,386125221871.0,6.4267468955819895,3.860275111548814,0.011547586801243126
D,7664462.90625,-72046.0,664385085319.0,1.0,664385085319.0,11.058160779694834,3.860275111548814,0.0009483963348306812
ACD,5520446.375,64955.0,540064125499.0,1.0,540064125499.0,8.988937384477497,3.860275111548814,0.002852497904072493
ABCD,4435809.625,-212742.0,5793118472591.0,1.0,5793118472591.0,96.42184465199557,3.860275111548814,1.1102230246251565e-16
