,Sample Mean,Effect Est.,Sum of Squares,df,Mean Square,F0,F Threshold,p-value
B,40.0625,4.0,4808.0,1.0,4808.0,4.330484734622489,3.850849932019231,0.03769164798258251
D,114.71875,71.0,1305520.0,1.0,1305520.0,1175.8599065608055,3.850849932019231,1.1102230246251565e-16
CD,101.28125,4.0,5972.0,1.0,5972.0,5.378879957397152,3.850849932019231,0.020584316092952082
