,Sample Mean,Effect Est.,Sum of Squares,df,Mean Square,F0,F Threshold,p-value
A,1481129.625,-276769.0,4902438911329.0,1.0,4902438911329.0,399.7966365507052,3.87922825535667,1.1102230246251565e-16
B,1739562.4375,-21826.0,30487757230.0,1.0,30487757230.0,2.4862936626015317,3.87922825535667,0.1161165948100048
AB,1455380.21875,-16108.0,16604400271.0,1.0,16604400271.0,1.3540981336752285,3.87922825535667,0.24568127911050452
C,1714067.84375,-19970.0,25521640055.0,1.0,25521640055.0,2.081304028015048,3.87922825535667,0.15037452564836418
AC,1484587.9375,11243.0,8091216132.0,1.0,8091216132.0,0.6598432032886821,3.87922825535667,0.41739434248690865
BC,1736039.5625,7753.0,3847278948.0,1.0,3847278948.0,0.31374775108941944,3.87922825535667,0.5758950770715111
ABC,1434470.96875,-19938.0,25439193323.0,1.0,25439193323.0,2.0745804508844845,3.87922825535667,0.15103234256269227
Error,,,3041058225249.463,248.0,12262331553.425253,,,
Total,,,8053488622537.463,255.0,31582308323.676327,,,
