,Sample Mean,Effect Est.,Sum of Squares,df,Mean Square,F0,F Threshold,p-value
A,1481129.625,-276769.0,4902438911329.0,1.0,4902438911329.0,399.7966365507052,3.87922825535667,1.1102230246251565e-16
