,Sample Mean,Effect Est.,Sum of Squares,df,Mean Square,F0,F Threshold,p-value
A,0.0,-48751.0,152105850056.0,1.0,152105850056.0,399.7625609681911,3.87922825535667,1.1102230246251565e-16
