,Sample Mean,Effect Est.,Sum of Squares,df,Mean Square,F0,F Threshold,p-value
A,0.0,-48751.0,152105850056.0,1.0,152105850056.0,399.7625609681911,3.87922825535667,1.1102230246251565e-16
B,53556.96875,2804.0,503458234.0,1.0,503458234.0,1.3231821977278626,3.87922825535667,0.25112971080847124
AB,0.0,-2805.0,503458234.0,1.0,503458234.0,1.3231821977278626,3.87922825535667,0.25112971080847124
C,47937.0,-6.0,1764.0,1.0,1764.0,4.636121209593624e-06,3.87922825535667,0.9982837548623277
AC,0.0,5.0,1764.0,1.0,1764.0,4.636121209593624e-06,3.87922825535667,0.9982837548623277
BC,49554.375,-1997.0,254989000.0,1.0,254989000.0,0.6701586797693132,3.87922825535667,0.4137822049018478
ABC,0.0,1996.0,254989000.0,1.0,254989000.0,0.6701586797693132,3.87922825535667,0.4137822049018478
Error,,,94361639875.75,248.0,380490483.36995965,,,
Total,,,247984387927.75,255.0,972487795.7950981,,,
