,Sample Mean,Effect Est.,Sum of Squares,df,Mean Square,F0,F Threshold,p-value
A,6835.71875,-335494.0,7203596996328.0,1.0,7203596996328.0,965.8744012467547,3.87922825535667,1.1102230246251565e-16
