,Sample Mean,Effect Est.,Sum of Squares,df,Mean Square,F0,F Threshold,p-value
A,6835.71875,-335494.0,7203596996328.0,1.0,7203596996328.0,965.8744012467547,3.87922825535667,1.1102230246251565e-16
B,338093.9375,-18178.0,21146976400.0,1.0,21146976400.0,2.835433905997374,3.87922825535667,0.09346408208109247
AB,0.0,18882.0,22818368306.0,1.0,22818368306.0,3.059537872013148,3.87922825535667,0.0815015680047878
C,368288.0,-3081.0,607314414.0,1.0,607314414.0,0.0814300753206745,3.87922825535667,0.7756068694140151
AC,0.0,3785.0,916954101.0,1.0,916954101.0,0.12294725728349233,3.87922825535667,0.7261573275185887
BC,303374.71875,-10157.0,6602009382.0,1.0,6602009382.0,0.8852121880381713,3.87922825535667,0.34769359303927116
ABC,8245.09375,17697.0,20043763776.0,1.0,20043763776.0,2.687512689250098,3.87922825535667,0.1024054489576387
Error,,,1849611142798.0,248.0,7458109446.7661295,,,
Total,,,9125343525505.0,255.0,35785660884.333336,,,
